"","Factor","df","LRT","F","p","label"
"1","stim_type:US_type",1,11.6414014577131,1.11338851313127,0.008,"L_10d_ROI-lh"
"2","stim_type:US_type",1,20.4257169049706,1.94266538889135,0,"L_10pp_ROI-lh"
"3","stim_type:US_type",1,31.0873973369853,2.97430556421697,0,"L_10r_ROI-lh"
"4","stim_type:US_type",1,18.1437734812862,1.72420127738882,0,"L_10v_ROI-lh"
"5","stim_type:US_type",1,12.5359955852909,1.19191628169892,0.004,"L_11l_ROI-lh"
"6","stim_type:US_type",1,16.1922519247128,1.53516091927383,0.003,"L_13l_ROI-lh"
"7","stim_type:US_type",1,4.03249403814698,0.38324993793088,0.099,"L_1_ROI-lh"
"8","stim_type:US_type",1,0.504761658419739,0.0475718208941764,0.404,"L_23c_ROI-lh"
"9","stim_type:US_type",1,0.0419860368310765,0.00402793800769822,0.782,"L_23d_ROI-lh"
"10","stim_type:US_type",1,0.614931973614148,0.0580915800702679,0.347,"L_24dd_ROI-lh"
"11","stim_type:US_type",1,1.42875763625125,0.135711419774348,0.202,"L_24dv_ROI-lh"
"12","stim_type:US_type",1,42.358945122709,4.03681194164378,0,"L_25_ROI-lh"
"13","stim_type:US_type",1,3.41272957022738,0.323763344359384,0.104,"L_2_ROI-lh"
"14","stim_type:US_type",1,5.93198053395827,0.564479739431788,0.03,"L_31a_ROI-lh"
"15","stim_type:US_type",1,0.495011576287652,0.0466053357731972,0.356,"L_31pd_ROI-lh"
"16","stim_type:US_type",1,2.84905456657361,0.271265511200376,0.119,"L_31pv_ROI-lh"
"17","stim_type:US_type",1,7.88006855933781,0.761068751598298,0.025,"L_33pr_ROI-lh"
"18","stim_type:US_type",1,1.80181062976771,0.171938012672294,0.163,"L_3a_ROI-lh"
"19","stim_type:US_type",1,0.0000182108742592391,0.00000174515822320859,1,"L_3b_ROI-lh"
"20","stim_type:US_type",1,2.43514965668874,0.230153024469935,0.147,"L_43_ROI-lh"
"21","stim_type:US_type",1,3.44002913870281,0.327583023972654,0.095,"L_44_ROI-lh"
"22","stim_type:US_type",1,6.70693419724921,0.632636752724691,0.026,"L_45_ROI-lh"
"23","stim_type:US_type",1,3.49659183669792,0.332029507510435,0.082,"L_46_ROI-lh"
"24","stim_type:US_type",1,3.81822590728916,0.35878047135616,0.083,"L_47l_ROI-lh"
"25","stim_type:US_type",1,23.8713525569256,2.2875421773406,0.001,"L_47m_ROI-lh"
"26","stim_type:US_type",1,4.19872436259902,0.397437067707032,0.071,"L_47s_ROI-lh"
"27","stim_type:US_type",1,0.652428305227659,0.0618277116238378,0.33,"L_4_ROI-lh"
"28","stim_type:US_type",1,4.13677874592395,0.392959627747055,0.077,"L_52_ROI-lh"
"29","stim_type:US_type",1,15.505785166406,1.45462317400658,0,"L_55b_ROI-lh"
"30","stim_type:US_type",1,7.60387038076442,0.727114678084556,0.02,"L_5L_ROI-lh"
"31","stim_type:US_type",1,2.51009290893853,0.238892124806224,0.139,"L_5m_ROI-lh"
"32","stim_type:US_type",1,3.32150213004206,0.314714355601808,0.109,"L_5mv_ROI-lh"
"33","stim_type:US_type",1,0.19462753087646,0.0185344018550259,0.565,"L_6a_ROI-lh"
"34","stim_type:US_type",1,0.765801955796633,0.0721839350309272,0.31,"L_6d_ROI-lh"
"35","stim_type:US_type",1,0.213518128646683,0.0204815985370515,0.513,"L_6ma_ROI-lh"
"36","stim_type:US_type",1,4.32893135765335,0.405853758172672,0.08,"L_6mp_ROI-lh"
"37","stim_type:US_type",1,6.3100465292373,0.603160710374374,0.049,"L_6r_ROI-lh"
"38","stim_type:US_type",1,2.84662940153066,0.27238274559038,0.118,"L_6v_ROI-lh"
"39","stim_type:US_type",1,4.13142936084478,0.392600280820838,0.072,"L_7AL_ROI-lh"
"40","stim_type:US_type",1,1.71002701766338,0.161956352782464,0.184,"L_7Am_ROI-lh"
"41","stim_type:US_type",1,14.3317678207495,1.37719262251586,0.005,"L_7PC_ROI-lh"
"42","stim_type:US_type",1,3.8356018094164,0.363662097713524,0.084,"L_7PL_ROI-lh"
"43","stim_type:US_type",1,0.0857012375163322,0.00820273057239328,0.673,"L_7Pm_ROI-lh"
"44","stim_type:US_type",1,0.0769288572919322,0.00736194672774176,0.677,"L_7m_ROI-lh"
"45","stim_type:US_type",1,12.0406744761058,1.15205858923252,0.007,"L_8Ad_ROI-lh"
"46","stim_type:US_type",1,4.09259843459222,0.388493592343735,0.072,"L_8Av_ROI-lh"
"47","stim_type:US_type",1,38.562661781114,3.7087475806819,0,"L_8BL_ROI-lh"
"48","stim_type:US_type",1,19.6010909110591,1.85732189892825,0.001,"L_8BM_ROI-lh"
"49","stim_type:US_type",1,2.56391329146936,0.243432771101428,0.145,"L_8C_ROI-lh"
"50","stim_type:US_type",1,4.13222864576528,0.391781369481169,0.071,"L_9-46d_ROI-lh"
"51","stim_type:US_type",1,6.33658796280361,0.597213003964147,0.04,"L_9a_ROI-lh"
"52","stim_type:US_type",1,2.61914188466471,0.249549504298323,0.142,"L_9m_ROI-lh"
"53","stim_type:US_type",1,12.6041305584986,1.19684046926215,0.008,"L_9p_ROI-lh"
"54","stim_type:US_type",1,3.13202723139329,0.296483578526832,0.096,"L_A1_ROI-lh"
"55","stim_type:US_type",1,0.523701392634393,0.0498835070391251,0.375,"L_A4_ROI-lh"
"56","stim_type:US_type",1,1.08170785042239,0.103089501367153,0.248,"L_A5_ROI-lh"
"57","stim_type:US_type",1,3.07707515959191,0.292454530511872,0.117,"L_AAIC_ROI-lh"
"58","stim_type:US_type",1,13.7654445160442,1.30683712843615,0.003,"L_AIP_ROI-lh"
"59","stim_type:US_type",1,17.1031077979169,1.63227970043092,0.001,"L_AVI_ROI-lh"
"60","stim_type:US_type",1,5.42036137684045,0.518941290085502,0.048,"L_DVT_ROI-lh"
"61","stim_type:US_type",1,0.859116128740425,0.0821879948698499,0.292,"L_EC_ROI-lh"
"62","stim_type:US_type",1,3.13665734459573,0.300364015899286,0.115,"L_FEF_ROI-lh"
"63","stim_type:US_type",1,9.92105320272822,0.938058561926356,0.007,"L_FFC_ROI-lh"
"64","stim_type:US_type",1,1.08084369519929,0.102405516286977,0.247,"L_FOP1_ROI-lh"
"65","stim_type:US_type",1,3.30269928517373,0.31507148074212,0.08,"L_FOP2_ROI-lh"
"66","stim_type:US_type",1,4.07546205415565,0.385477923178832,0.092,"L_FOP3_ROI-lh"
"67","stim_type:US_type",1,0.544009413439198,0.051780166038527,0.364,"L_FOP4_ROI-lh"
"68","stim_type:US_type",1,1.23056218818965,0.11673200352715,0.238,"L_FOP5_ROI-lh"
"69","stim_type:US_type",1,1.12906360762281,0.106963145107867,0.231,"L_FST_ROI-lh"
"70","stim_type:US_type",1,3.76575310200496,0.357485339909394,0.08,"L_H_ROI-lh"
"71","stim_type:US_type",1,6.22259396878871,0.600970204138883,0.047,"L_IFJa_ROI-lh"
"72","stim_type:US_type",1,0.0570630626025377,0.00539874484554903,0.732,"L_IFJp_ROI-lh"
"73","stim_type:US_type",1,1.21540415603158,0.114282516286664,0.23,"L_IFSa_ROI-lh"
"74","stim_type:US_type",1,10.872242602316,1.02716883702597,0.009,"L_IFSp_ROI-lh"
"75","stim_type:US_type",1,5.0105235892006,0.474981705231565,0.059,"L_IP0_ROI-lh"
"76","stim_type:US_type",1,15.1193580844156,1.44025033171405,0.003,"L_IP1_ROI-lh"
"77","stim_type:US_type",1,1.89711197288489,0.180530078006033,0.192,"L_IP2_ROI-lh"
"78","stim_type:US_type",1,0.426764728897979,0.040560949122928,0.399,"L_IPS1_ROI-lh"
"79","stim_type:US_type",1,6.77531915445797,0.641399262924675,0.035,"L_Ig_ROI-lh"
"80","stim_type:US_type",1,1.44710405884325,0.138789245813718,0.188,"L_LBelt_ROI-lh"
"81","stim_type:US_type",1,0.530270587692939,0.0506440012176397,0.371,"L_LIPd_ROI-lh"
"82","stim_type:US_type",1,4.20385391141463,0.397444093694125,0.074,"L_LIPv_ROI-lh"
"83","stim_type:US_type",1,2.95909761329312,0.279429192908422,0.134,"L_LO1_ROI-lh"
"84","stim_type:US_type",1,11.7498183450371,1.11588109620498,0.009,"L_LO2_ROI-lh"
"85","stim_type:US_type",1,0.153619885924854,0.0145550279108082,0.575,"L_LO3_ROI-lh"
"86","stim_type:US_type",1,4.2837472386891,0.406758932234124,0.083,"L_MBelt_ROI-lh"
"87","stim_type:US_type",1,0.504131950077863,0.0483463115543057,0.393,"L_MIP_ROI-lh"
"88","stim_type:US_type",1,2.19746009328082,0.208428700768188,0.132,"L_MI_ROI-lh"
"89","stim_type:US_type",1,0.379703648814029,0.0362162985508683,0.416,"L_MST_ROI-lh"
"90","stim_type:US_type",1,3.82768593318178,0.363867249036529,0.09,"L_MT_ROI-lh"
"91","stim_type:US_type",1,22.39958769226,2.12475650083735,0,"L_OFC_ROI-lh"
"92","stim_type:US_type",1,4.67659939632722,0.443848682042429,0.064,"L_OP1_ROI-lh"
"93","stim_type:US_type",1,5.47776267710287,0.519788637383317,0.051,"L_OP2-3_ROI-lh"
"94","stim_type:US_type",1,1.47627601911154,0.139164745426338,0.199,"L_OP4_ROI-lh"
"95","stim_type:US_type",1,4.32183412772429,0.408426236521932,0.089,"L_PBelt_ROI-lh"
"96","stim_type:US_type",1,0.039552032823849,0.00378987143016225,0.806,"L_PCV_ROI-lh"
"97","stim_type:US_type",1,5.68261726375204,0.534609598140354,0.052,"L_PEF_ROI-lh"
"98","stim_type:US_type",1,0.0905624209226517,0.00859664564601983,0.678,"L_PF_ROI-lh"
"99","stim_type:US_type",1,0.113713798120443,0.0107671013137289,0.639,"L_PFcm_ROI-lh"
"100","stim_type:US_type",1,0.731196795983124,0.0693849246944402,0.328,"L_PFm_ROI-lh"
"101","stim_type:US_type",1,0.00905870335191139,0.000861930885904894,0.901,"L_PFop_ROI-lh"
"102","stim_type:US_type",1,1.47115903064696,0.139474702591816,0.206,"L_PFt_ROI-lh"
"103","stim_type:US_type",1,2.83607453172954,0.268329130868954,0.108,"L_PGi_ROI-lh"
"104","stim_type:US_type",1,0.0073113081525662,0.000694886016926317,0.918,"L_PGp_ROI-lh"
"105","stim_type:US_type",1,8.09022963001917,0.770336181350806,0.03,"L_PGs_ROI-lh"
"106","stim_type:US_type",1,0.143395666222204,0.0136552819592961,0.597,"L_PHA1_ROI-lh"
"107","stim_type:US_type",1,0.0153255806362722,0.00144300473540268,0.868,"L_PHA2_ROI-lh"
"108","stim_type:US_type",1,0.00321501661164802,0.000307392337327432,0.944,"L_PHA3_ROI-lh"
"109","stim_type:US_type",1,1.62253805093496,0.154698994421052,0.184,"L_PHT_ROI-lh"
"110","stim_type:US_type",1,21.0986802205261,2.01700254574115,0.001,"L_PH_ROI-lh"
"111","stim_type:US_type",1,7.80740652808527,0.745432888198192,0.019,"L_PIT_ROI-lh"
"112","stim_type:US_type",1,0.129241729107889,0.0122877835715128,0.638,"L_PI_ROI-lh"
"113","stim_type:US_type",1,7.29290899180705,0.690873182225825,0.028,"L_POS1_ROI-lh"
"114","stim_type:US_type",1,5.10166667708108,0.481879336758568,0.059,"L_POS2_ROI-lh"
"115","stim_type:US_type",1,3.48758749295666,0.331383314136728,0.081,"L_PSL_ROI-lh"
"116","stim_type:US_type",1,10.6723322636171,1.00737380924272,0.013,"L_PeEc_ROI-lh"
"117","stim_type:US_type",1,12.7509076047681,1.21467967657117,0.007,"L_Pir_ROI-lh"
"118","stim_type:US_type",1,11.0807586665651,1.06439761739671,0.008,"L_PoI1_ROI-lh"
"119","stim_type:US_type",1,4.36396745669845,0.413363830561075,0.072,"L_PoI2_ROI-lh"
"120","stim_type:US_type",1,0.397924948105356,0.03809346466645,0.403,"L_PreS_ROI-lh"
"121","stim_type:US_type",1,2.68156277532398,0.254881329923866,0.133,"L_ProS_ROI-lh"
"122","stim_type:US_type",1,5.69855925982847,0.542195692068775,0.042,"L_RI_ROI-lh"
"123","stim_type:US_type",1,13.8217577226533,1.31624519682728,0.004,"L_RSC_ROI-lh"
"124","stim_type:US_type",1,5.66025642272871,0.538469220035919,0.053,"L_SCEF_ROI-lh"
"125","stim_type:US_type",1,24.2316322575934,2.32164523284821,0.001,"L_SFL_ROI-lh"
"126","stim_type:US_type",1,4.58497354483188,0.435374200201083,0.075,"L_STGa_ROI-lh"
"127","stim_type:US_type",1,2.01570414298112,0.190629931494426,0.147,"L_STSda_ROI-lh"
"128","stim_type:US_type",1,3.56975447177683,0.338903359006488,0.094,"L_STSdp_ROI-lh"
"129","stim_type:US_type",1,9.97926406612532,0.948134521805448,0.015,"L_STSva_ROI-lh"
"130","stim_type:US_type",1,12.1877046973968,1.15154851420096,0.008,"L_STSvp_ROI-lh"
"131","stim_type:US_type",1,3.51874969283745,0.333444573639226,0.1,"L_STV_ROI-lh"
"132","stim_type:US_type",1,0.411790534766624,0.0392269394749907,0.427,"L_TA2_ROI-lh"
"133","stim_type:US_type",1,7.39003579895507,0.698798129040088,0.04,"L_TE1a_ROI-lh"
"134","stim_type:US_type",1,3.62303823585898,0.346152913495822,0.083,"L_TE1m_ROI-lh"
"135","stim_type:US_type",1,2.80466762147262,0.266985195449007,0.12,"L_TE1p_ROI-lh"
"136","stim_type:US_type",1,10.256854046791,0.974938239460441,0.013,"L_TE2a_ROI-lh"
"137","stim_type:US_type",1,0.388546787089581,0.0370706570973851,0.439,"L_TE2p_ROI-lh"
"138","stim_type:US_type",1,20.8143479903374,1.98562841564741,0.002,"L_TF_ROI-lh"
"139","stim_type:US_type",1,62.0749819442244,5.87683488801514,0,"L_TGd_ROI-lh"
"140","stim_type:US_type",1,6.54594387840916,0.620129322494477,0.033,"L_TGv_ROI-lh"
"141","stim_type:US_type",1,6.08352101208584,0.577143011942153,0.048,"L_TPOJ1_ROI-lh"
"142","stim_type:US_type",1,5.4961772570241,0.523933786803717,0.052,"L_TPOJ2_ROI-lh"
"143","stim_type:US_type",1,0.0706402244250057,0.00663974932380073,0.71,"L_TPOJ3_ROI-lh"
"144","stim_type:US_type",1,40.9145346784862,3.88701201950787,0,"L_V1_ROI-lh"
"145","stim_type:US_type",1,32.8513240585344,3.12027422506731,0,"L_V2_ROI-lh"
"146","stim_type:US_type",1,59.222638418425,5.66639241684485,0,"L_V3A_ROI-lh"
"147","stim_type:US_type",1,3.73470350489879,0.352815200520984,0.067,"L_V3B_ROI-lh"
"148","stim_type:US_type",1,1.11043586830783,0.104711619932019,0.222,"L_V3CD_ROI-lh"
"149","stim_type:US_type",1,47.319352145103,4.51567550816999,0,"L_V3_ROI-lh"
"150","stim_type:US_type",1,6.49905349085748,0.610342820532902,0.034,"L_V4_ROI-lh"
"151","stim_type:US_type",1,3.22086283759563,0.308096886391678,0.119,"L_V4t_ROI-lh"
"152","stim_type:US_type",1,2.9614085064386,0.283208337712325,0.114,"L_V6A_ROI-lh"
"153","stim_type:US_type",1,32.5495795397219,3.12352991319585,0,"L_V6_ROI-lh"
"154","stim_type:US_type",1,12.3333188294673,1.17129161313281,0.008,"L_V7_ROI-lh"
"155","stim_type:US_type",1,3.37172514646227,0.320428605604713,0.104,"L_V8_ROI-lh"
"156","stim_type:US_type",1,0.490425626532669,0.046396291692392,0.385,"L_VIP_ROI-lh"
"157","stim_type:US_type",1,45.8505894860355,4.38324489478246,0,"L_VMV1_ROI-lh"
"158","stim_type:US_type",1,51.2446892261396,4.91489222946601,0,"L_VMV2_ROI-lh"
"159","stim_type:US_type",1,39.0955438409728,3.71473654588603,0,"L_VMV3_ROI-lh"
"160","stim_type:US_type",1,6.7421724933447,0.641464567520155,0.034,"L_VVC_ROI-lh"
"161","stim_type:US_type",1,17.0799750733531,1.62703795184699,0.003,"L_a10p_ROI-lh"
"162","stim_type:US_type",1,31.0809829900754,2.97623104695416,0,"L_a24_ROI-lh"
"163","stim_type:US_type",1,0.0696365783041983,0.00659331783433919,0.704,"L_a24pr_ROI-lh"
"164","stim_type:US_type",1,54.5727344917577,5.20129659420425,0,"L_a32pr_ROI-lh"
"165","stim_type:US_type",1,6.83638550143223,0.649091959357414,0.039,"L_a47r_ROI-lh"
"166","stim_type:US_type",1,0.0420325906015933,0.00399461028794573,0.778,"L_a9-46v_ROI-lh"
"167","stim_type:US_type",1,8.42681474875644,0.804485482378624,0.019,"L_d23ab_ROI-lh"
"168","stim_type:US_type",1,10.6085816598679,1.00473271279486,0.012,"L_d32_ROI-lh"
"169","stim_type:US_type",1,1.9058858297758,0.182114356248589,0.167,"L_i6-8_ROI-lh"
"170","stim_type:US_type",1,14.562620517816,1.39657156898648,0.004,"L_p10p_ROI-lh"
"171","stim_type:US_type",1,0.628846960127703,0.0602221506586126,0.327,"L_p24_ROI-lh"
"172","stim_type:US_type",1,1.23326810106664,0.115557583873746,0.23,"L_p24pr_ROI-lh"
"173","stim_type:US_type",1,20.7326368125832,1.97625046787726,0,"L_p32_ROI-lh"
"174","stim_type:US_type",1,1.29775264835553,0.122590218584198,0.216,"L_p32pr_ROI-lh"
"175","stim_type:US_type",1,10.0660616295718,0.955327405667333,0.01,"L_p47r_ROI-lh"
"176","stim_type:US_type",1,3.20634547882219,0.303250457826423,0.105,"L_p9-46v_ROI-lh"
"177","stim_type:US_type",1,23.224995963421,2.20540742281847,0,"L_pOFC_ROI-lh"
"178","stim_type:US_type",1,39.8678145679114,3.81546810294318,0,"L_s32_ROI-lh"
"179","stim_type:US_type",1,4.90272328351784,0.462283585718968,0.066,"L_s6-8_ROI-lh"
"180","stim_type:US_type",1,20.3548014115986,1.92040958114681,0.001,"L_v23ab_ROI-lh"
"181","stim_type:US_type",1,3.01836544450634,0.286645450595936,0.121,"R_10d_ROI-rh"
"182","stim_type:US_type",1,3.53776515880963,0.336812469558684,0.085,"R_10pp_ROI-rh"
"183","stim_type:US_type",1,5.53405524298432,0.527608518688481,0.06,"R_10r_ROI-rh"
"184","stim_type:US_type",1,14.9344140255162,1.43608471481895,0.003,"R_10v_ROI-rh"
"185","stim_type:US_type",1,12.7234954494743,1.20695541946765,0.009,"R_11l_ROI-rh"
"186","stim_type:US_type",1,2.87576228486068,0.27164421474584,0.118,"R_13l_ROI-rh"
"187","stim_type:US_type",1,0.416125648083835,0.0400184404876549,0.419,"R_1_ROI-rh"
"188","stim_type:US_type",1,18.6194714011144,1.77257300631225,0.002,"R_23c_ROI-rh"
"189","stim_type:US_type",1,0.439857321442105,0.0415913998224135,0.44,"R_23d_ROI-rh"
"190","stim_type:US_type",1,23.7266290410189,2.26151305015325,0,"R_24dd_ROI-rh"
"191","stim_type:US_type",1,8.77520136572275,0.834443145032897,0.012,"R_24dv_ROI-rh"
"192","stim_type:US_type",1,21.8445849551827,2.07733023422475,0,"R_25_ROI-rh"
"193","stim_type:US_type",1,1.00059064621382,0.0956431979773398,0.259,"R_2_ROI-rh"
"194","stim_type:US_type",1,19.1178940717691,1.82489909820284,0.001,"R_31a_ROI-rh"
"195","stim_type:US_type",1,24.4192470515045,2.30365188081106,0.001,"R_31pd_ROI-rh"
"196","stim_type:US_type",1,26.803063990159,2.55623051706744,0,"R_31pv_ROI-rh"
"197","stim_type:US_type",1,3.08748877655307,0.290753582647487,0.112,"R_33pr_ROI-rh"
"198","stim_type:US_type",1,2.49766182922394,0.238757247710929,0.125,"R_3a_ROI-rh"
"199","stim_type:US_type",1,1.85917955021796,0.176615200304618,0.183,"R_3b_ROI-rh"
"200","stim_type:US_type",1,3.44126082830189,0.327689748389641,0.096,"R_43_ROI-rh"
"201","stim_type:US_type",1,3.84991820923824,0.361468489740123,0.087,"R_44_ROI-rh"
"202","stim_type:US_type",1,9.86587763598436,0.943054596982329,0.014,"R_45_ROI-rh"
"203","stim_type:US_type",1,1.27178170063416,0.121067195504234,0.22,"R_46_ROI-rh"
"204","stim_type:US_type",1,0.0978963762099738,0.00938456430836912,0.648,"R_47l_ROI-rh"
"205","stim_type:US_type",1,6.05043459260196,0.576918500725744,0.04,"R_47m_ROI-rh"
"206","stim_type:US_type",1,17.7049334085968,1.6779653973423,0.001,"R_47s_ROI-rh"
"207","stim_type:US_type",1,7.65778287354988,0.733554445272704,0.029,"R_4_ROI-rh"
"208","stim_type:US_type",1,25.9462293518081,2.47219218667909,0,"R_52_ROI-rh"
"209","stim_type:US_type",1,0.409748789024889,0.0390592779391516,0.383,"R_55b_ROI-rh"
"210","stim_type:US_type",1,1.71946058598769,0.163255649988223,0.212,"R_5L_ROI-rh"
"211","stim_type:US_type",1,1.79235672282084,0.169915702957092,0.169,"R_5m_ROI-rh"
"212","stim_type:US_type",1,5.94400825090634,0.566028477305027,0.036,"R_5mv_ROI-rh"
"213","stim_type:US_type",1,10.941846683043,1.03748703638373,0.008,"R_6a_ROI-rh"
"214","stim_type:US_type",1,26.5110658453777,2.52902789418376,0,"R_6d_ROI-rh"
"215","stim_type:US_type",1,2.80045609890294,0.265983379236896,0.12,"R_6ma_ROI-rh"
"216","stim_type:US_type",1,20.4765272050754,1.95362399177794,0.001,"R_6mp_ROI-rh"
"217","stim_type:US_type",1,0.0634521827523713,0.00602420636557492,0.73,"R_6r_ROI-rh"
"218","stim_type:US_type",1,0.692731608567556,0.0658291296680978,0.321,"R_6v_ROI-rh"
"219","stim_type:US_type",1,8.9368812249013,0.850944055744398,0.019,"R_7AL_ROI-rh"
"220","stim_type:US_type",1,1.65668261419341,0.155958548419941,0.203,"R_7Am_ROI-rh"
"221","stim_type:US_type",1,3.81981664330669,0.367706684107491,0.108,"R_7PC_ROI-rh"
"222","stim_type:US_type",1,14.6678136489463,1.39665584378956,0.002,"R_7PL_ROI-rh"
"223","stim_type:US_type",1,10.7127421889963,1.0241123806424,0.008,"R_7Pm_ROI-rh"
"224","stim_type:US_type",1,45.144234537147,4.30281044037092,0,"R_7m_ROI-rh"
"225","stim_type:US_type",1,1.08080248468832,0.102604466108276,0.243,"R_8Ad_ROI-rh"
"226","stim_type:US_type",1,7.60610782524964,0.729240265407962,0.023,"R_8Av_ROI-rh"
"227","stim_type:US_type",1,3.93340049187827,0.371949745254599,0.091,"R_8BL_ROI-rh"
"228","stim_type:US_type",1,1.69038396676842,0.161811163310991,0.186,"R_8BM_ROI-rh"
"229","stim_type:US_type",1,1.95232568922074,0.187119878590652,0.169,"R_8C_ROI-rh"
"230","stim_type:US_type",1,0.162399812168587,0.0153552901090616,0.588,"R_9-46d_ROI-rh"
"231","stim_type:US_type",1,0.413482726507937,0.0393977455580579,0.437,"R_9a_ROI-rh"
"232","stim_type:US_type",1,1.85472407658017,0.175291188360223,0.156,"R_9m_ROI-rh"
"233","stim_type:US_type",1,15.8267493312414,1.51753705260538,0.003,"R_9p_ROI-rh"
"234","stim_type:US_type",1,11.4549282616535,1.09350293679611,0.009,"R_A1_ROI-rh"
"235","stim_type:US_type",1,12.8726984786554,1.21852692491358,0.003,"R_A4_ROI-rh"
"236","stim_type:US_type",1,5.18575189041803,0.494710134379139,0.058,"R_A5_ROI-rh"
"237","stim_type:US_type",1,30.2853788799694,2.88058108579098,0,"R_AAIC_ROI-rh"
"238","stim_type:US_type",1,6.27312587040797,0.6027934093282,0.038,"R_AIP_ROI-rh"
"239","stim_type:US_type",1,36.6466222490526,3.47603813356299,0,"R_AVI_ROI-rh"
"240","stim_type:US_type",1,42.5801911601229,4.03137287780493,0,"R_DVT_ROI-rh"
"241","stim_type:US_type",1,6.29903418136746,0.602265304840206,0.028,"R_EC_ROI-rh"
"242","stim_type:US_type",1,0.0795514565688791,0.00755915766443923,0.677,"R_FEF_ROI-rh"
"243","stim_type:US_type",1,1.79990482815992,0.171415711054276,0.19,"R_FFC_ROI-rh"
"244","stim_type:US_type",1,20.0817273698085,1.91935519663391,0.001,"R_FOP1_ROI-rh"
"245","stim_type:US_type",1,7.29752573238875,0.695764348408214,0.03,"R_FOP2_ROI-rh"
"246","stim_type:US_type",1,31.6959632420439,3.0058518585569,0,"R_FOP3_ROI-rh"
"247","stim_type:US_type",1,7.47354806905423,0.716932456401827,0.033,"R_FOP4_ROI-rh"
"248","stim_type:US_type",1,0.942710557996179,0.0894799558599814,0.281,"R_FOP5_ROI-rh"
"249","stim_type:US_type",1,7.85678394659772,0.745088815473989,0.022,"R_FST_ROI-rh"
"250","stim_type:US_type",1,9.89385193907583,0.951109903434148,0.012,"R_H_ROI-rh"
"251","stim_type:US_type",1,1.29623008919953,0.124756043707988,0.221,"R_IFJa_ROI-rh"
"252","stim_type:US_type",1,1.76369661766512,0.167484780448635,0.171,"R_IFJp_ROI-rh"
"253","stim_type:US_type",1,0.347345009206038,0.0331382159742834,0.452,"R_IFSa_ROI-rh"
"254","stim_type:US_type",1,0.0028190660304972,0.000270663049857005,0.955,"R_IFSp_ROI-rh"
"255","stim_type:US_type",1,26.5250816802363,2.54719317207758,0.001,"R_IP0_ROI-rh"
"256","stim_type:US_type",1,23.8140143248529,2.27307348549989,0,"R_IP1_ROI-rh"
"257","stim_type:US_type",1,4.13284278137144,0.398129770073794,0.07,"R_IP2_ROI-rh"
"258","stim_type:US_type",1,54.596506440641,5.21183592760025,0,"R_IPS1_ROI-rh"
"259","stim_type:US_type",1,31.0036186796751,2.95030123675989,0,"R_Ig_ROI-rh"
"260","stim_type:US_type",1,17.0894901940374,1.63541167757945,0.001,"R_LBelt_ROI-rh"
"261","stim_type:US_type",1,19.3985718479089,1.86224826140703,0.001,"R_LIPd_ROI-rh"
"262","stim_type:US_type",1,11.6049813183054,1.10201272956226,0.013,"R_LIPv_ROI-rh"
"263","stim_type:US_type",1,29.6980292618646,2.8435713604821,0,"R_LO1_ROI-rh"
"264","stim_type:US_type",1,4.27608748797138,0.40629373963371,0.077,"R_LO2_ROI-rh"
"265","stim_type:US_type",1,15.5170169579869,1.47315055762341,0.004,"R_LO3_ROI-rh"
"266","stim_type:US_type",1,32.9200723153117,3.13229138466118,0,"R_MBelt_ROI-rh"
"267","stim_type:US_type",1,41.7204153204657,3.95546169303179,0,"R_MIP_ROI-rh"
"268","stim_type:US_type",1,43.2834816824252,4.09414086074972,0,"R_MI_ROI-rh"
"269","stim_type:US_type",1,0.346184270394588,0.0328495712677632,0.442,"R_MST_ROI-rh"
"270","stim_type:US_type",1,1.57921967293078,0.150989149091438,0.215,"R_MT_ROI-rh"
"271","stim_type:US_type",1,19.7162505426277,1.88472639985862,0.001,"R_OFC_ROI-rh"
"272","stim_type:US_type",1,3.11252951588176,0.29680291314434,0.125,"R_OP1_ROI-rh"
"273","stim_type:US_type",1,3.11682459748408,0.298776917992285,0.106,"R_OP2-3_ROI-rh"
"274","stim_type:US_type",1,26.4476335928339,2.53745022289588,0,"R_OP4_ROI-rh"
"275","stim_type:US_type",1,6.01009485013856,0.574307326738885,0.03,"R_PBelt_ROI-rh"
"276","stim_type:US_type",1,1.40305913628981,0.134417485913374,0.223,"R_PCV_ROI-rh"
"277","stim_type:US_type",1,0.375843645550049,0.0357981306866439,0.436,"R_PEF_ROI-rh"
"278","stim_type:US_type",1,0.36508242139098,0.0348569621548061,0.423,"R_PF_ROI-rh"
"279","stim_type:US_type",1,4.62399640236254,0.442981652436005,0.063,"R_PFcm_ROI-rh"
"280","stim_type:US_type",1,0.0113875821989495,0.00108905852538834,0.884,"R_PFm_ROI-rh"
"281","stim_type:US_type",1,2.13628638624505,0.204329416765194,0.163,"R_PFop_ROI-rh"
"282","stim_type:US_type",1,4.56850661827775,0.435834081887674,0.08,"R_PFt_ROI-rh"
"283","stim_type:US_type",1,5.38883445016108,0.515540419329386,0.054,"R_PGi_ROI-rh"
"284","stim_type:US_type",1,35.6324825951124,3.38902453293693,0.001,"R_PGp_ROI-rh"
"285","stim_type:US_type",1,13.7086858240909,1.31662280437816,0.004,"R_PGs_ROI-rh"
"286","stim_type:US_type",1,11.1763908456451,1.05864689902396,0.01,"R_PHA1_ROI-rh"
"287","stim_type:US_type",1,0.103124818888318,0.00976155990459295,0.651,"R_PHA2_ROI-rh"
"288","stim_type:US_type",1,0.890528869680566,0.0849915822574278,0.29,"R_PHA3_ROI-rh"
"289","stim_type:US_type",1,53.2988393943888,5.13035800466869,0,"R_PHT_ROI-rh"
"290","stim_type:US_type",1,0.451427905085438,0.0431559926203409,0.403,"R_PH_ROI-rh"
"291","stim_type:US_type",1,3.63331325654872,0.343031117852781,0.086,"R_PIT_ROI-rh"
"292","stim_type:US_type",1,1.30654856743786,0.124069196898472,0.21,"R_PI_ROI-rh"
"293","stim_type:US_type",1,85.8821387158168,8.25403410109044,0,"R_POS1_ROI-rh"
"294","stim_type:US_type",1,50.8717453124846,4.89215734488216,0,"R_POS2_ROI-rh"
"295","stim_type:US_type",1,7.92104357710195,0.756469060758135,0.016,"R_PSL_ROI-rh"
"296","stim_type:US_type",1,9.81142075793832,0.934108153692108,0.023,"R_PeEc_ROI-rh"
"297","stim_type:US_type",1,17.1051434392684,1.6305327671478,0.006,"R_Pir_ROI-rh"
"298","stim_type:US_type",1,9.80480311001156,0.939775453361248,0.018,"R_PoI1_ROI-rh"
"299","stim_type:US_type",1,21.4997306052101,2.04688080383416,0.001,"R_PoI2_ROI-rh"
"300","stim_type:US_type",1,10.2247311922001,0.983708557422513,0.017,"R_PreS_ROI-rh"
"301","stim_type:US_type",1,28.9063132415358,2.78508254035873,0,"R_ProS_ROI-rh"
"302","stim_type:US_type",1,4.57132437986365,0.435050483825622,0.065,"R_RI_ROI-rh"
"303","stim_type:US_type",1,39.7669023660965,3.77783485086742,0,"R_RSC_ROI-rh"
"304","stim_type:US_type",1,18.1808086939927,1.72798955998167,0.002,"R_SCEF_ROI-rh"
"305","stim_type:US_type",1,5.12560844412656,0.490389307698366,0.052,"R_SFL_ROI-rh"
"306","stim_type:US_type",1,17.7047349683817,1.67487275920744,0,"R_STGa_ROI-rh"
"307","stim_type:US_type",1,2.92355635864806,0.279633125160468,0.131,"R_STSda_ROI-rh"
"308","stim_type:US_type",1,11.4217093183652,1.09059168928841,0.009,"R_STSdp_ROI-rh"
"309","stim_type:US_type",1,0.182518694793544,0.017170024224247,0.556,"R_STSva_ROI-rh"
"310","stim_type:US_type",1,14.1681241233273,1.33648672378164,0.008,"R_STSvp_ROI-rh"
"311","stim_type:US_type",1,17.4448325219018,1.65571581819484,0.001,"R_STV_ROI-rh"
"312","stim_type:US_type",1,1.62457267755963,0.1537429793493,0.183,"R_TA2_ROI-rh"
"313","stim_type:US_type",1,1.11837679187374,0.106006513342384,0.241,"R_TE1a_ROI-rh"
"314","stim_type:US_type",1,7.20774815183177,0.680550425082503,0.033,"R_TE1m_ROI-rh"
"315","stim_type:US_type",1,24.2416112302417,2.32919375055596,0,"R_TE1p_ROI-rh"
"316","stim_type:US_type",1,0.518072950973874,0.049548398317347,0.377,"R_TE2a_ROI-rh"
"317","stim_type:US_type",1,2.6502179089548,0.252579710611369,0.122,"R_TE2p_ROI-rh"
"318","stim_type:US_type",1,3.73834681075823,0.351937460522505,0.083,"R_TF_ROI-rh"
"319","stim_type:US_type",1,2.14826218667804,0.20381837789626,0.171,"R_TGd_ROI-rh"
"320","stim_type:US_type",1,38.4862582585156,3.66891345286864,0,"R_TGv_ROI-rh"
"321","stim_type:US_type",1,13.1562027430809,1.24843491996659,0.008,"R_TPOJ1_ROI-rh"
"322","stim_type:US_type",1,0.155562228050258,0.014751897679785,0.599,"R_TPOJ2_ROI-rh"
"323","stim_type:US_type",1,2.63902737480021,0.254455239089395,0.118,"R_TPOJ3_ROI-rh"
"324","stim_type:US_type",1,125.657411104166,11.9755568669487,0,"R_V1_ROI-rh"
"325","stim_type:US_type",1,89.2875692635498,8.58848878549228,0,"R_V2_ROI-rh"
"326","stim_type:US_type",1,18.2072779143055,1.72836287329501,0,"R_V3A_ROI-rh"
"327","stim_type:US_type",1,39.9241417135345,3.81449443057699,0,"R_V3B_ROI-rh"
"328","stim_type:US_type",1,60.9264614560889,5.84366592075818,0,"R_V3CD_ROI-rh"
"329","stim_type:US_type",1,1.92750863360561,0.18285277381377,0.161,"R_V3_ROI-rh"
"330","stim_type:US_type",1,0.479086052961065,0.0453293493483191,0.383,"R_V4_ROI-rh"
"331","stim_type:US_type",1,23.4633722620674,2.24051783362082,0.001,"R_V4t_ROI-rh"
"332","stim_type:US_type",1,31.145973725208,2.96120200026794,0,"R_V6A_ROI-rh"
"333","stim_type:US_type",1,16.3534021071609,1.55005435613348,0.002,"R_V6_ROI-rh"
"334","stim_type:US_type",1,11.2191217534637,1.05941189258611,0.007,"R_V7_ROI-rh"
"335","stim_type:US_type",1,3.08299067479311,0.293350579086064,0.105,"R_V8_ROI-rh"
"336","stim_type:US_type",1,3.59875177867798,0.344319156734831,0.13,"R_VIP_ROI-rh"
"337","stim_type:US_type",1,9.61536549695302,0.912112087725141,0.017,"R_VMV1_ROI-rh"
"338","stim_type:US_type",1,0.219091365095665,0.0204834635071248,0.519,"R_VMV2_ROI-rh"
"339","stim_type:US_type",1,1.39488386657467,0.132357064843612,0.217,"R_VMV3_ROI-rh"
"340","stim_type:US_type",1,0.364566646821913,0.0347838060079918,0.442,"R_VVC_ROI-rh"
"341","stim_type:US_type",1,1.53267777207293,0.146208926906861,0.183,"R_a10p_ROI-rh"
"342","stim_type:US_type",1,10.1875847525116,0.975725765082097,0.013,"R_a24_ROI-rh"
"343","stim_type:US_type",1,8.77100187489123,0.835681951404379,0.026,"R_a24pr_ROI-rh"
"344","stim_type:US_type",1,1.05192107196126,0.10103440360097,0.247,"R_a32pr_ROI-rh"
"345","stim_type:US_type",1,15.5090492230047,1.4831484918302,0.003,"R_a47r_ROI-rh"
"346","stim_type:US_type",1,1.54071071289218,0.145995999179076,0.203,"R_a9-46v_ROI-rh"
"347","stim_type:US_type",1,18.2647313270209,1.74924778887883,0.001,"R_d23ab_ROI-rh"
"348","stim_type:US_type",1,4.21098562505722,0.40214613593631,0.074,"R_d32_ROI-rh"
"349","stim_type:US_type",1,0.0369272906573315,0.00349132276479916,0.793,"R_i6-8_ROI-rh"
"350","stim_type:US_type",1,0.635739317494881,0.0607620791581945,0.341,"R_p10p_ROI-rh"
"351","stim_type:US_type",1,4.23229735413406,0.403415472734375,0.066,"R_p24_ROI-rh"
"352","stim_type:US_type",1,0.0291583506805182,0.0027571663275082,0.817,"R_p24pr_ROI-rh"
"353","stim_type:US_type",1,7.20200649310573,0.686025026832909,0.036,"R_p32_ROI-rh"
"354","stim_type:US_type",1,0.0041822023667919,0.000393607484334526,0.934,"R_p32pr_ROI-rh"
"355","stim_type:US_type",1,6.64492513540245,0.630315630957926,0.031,"R_p47r_ROI-rh"
"356","stim_type:US_type",1,11.4442718904211,1.09070794845375,0.009,"R_p9-46v_ROI-rh"
"357","stim_type:US_type",1,23.1714080935526,2.19970421291104,0,"R_pOFC_ROI-rh"
"358","stim_type:US_type",1,15.9875518885165,1.52725800178855,0.001,"R_s32_ROI-rh"
"359","stim_type:US_type",1,0.124696364655392,0.0119430549788254,0.639,"R_s6-8_ROI-rh"
"360","stim_type:US_type",1,46.711210419202,4.45442640891174,0,"R_v23ab_ROI-rh"
